id,catalog,chapter,statement_file,statement_label,statement_line,Lean_status,dependency_census,consumers,retained_qualifications,obligation
MC01,detailed,CH03,master202A.tex,sec:metric-basic,1167,not-accepted,catalog-prerequisites-only; semantic-review-pending,AC01;AC13;AC20;AC25;AC32;ALG05;ALS03;MC02;MC03;MC06;MC15;MC19;MC20;MC21;MC22,Bind inherited distance and Hopf-Rinow; formalize or reuse corrected length and curve compactness proofs and arclength reparameterization; author errata reviewed 2024-07-06,Bind inherited distance and Hopf-Rinow; formalize or reuse corrected length and curve compactness proofs and arclength reparameterization; author errata reviewed 2024-07-06
AC15,detailed,CH04,master202A.tex,lem:alexandrov-open-image-rank,3318,not-accepted,catalog-prerequisites-only; semantic-review-pending,AC23;AC28;ALR01,Bind Hausdorff-cover monotonicity and Euclidean-ball dimension; revision65 AC23 supplies local open image for a specified paired packet; full producer AC16 remains open; revision66 finite hierarchy supplies chart patch; remaining current AC16 step is transport to prescribed points; revision67 supersedes prior transport frontier: AC33 supplies AC16; formal binding remains,Bind Hausdorff-cover monotonicity and Euclidean-ball dimension; revision65 AC23 supplies local open image for a specified paired packet; full producer AC16 remains open; revision66 finite hierarchy supplies chart patch; remaining current AC16 step is transport to prescribed points; revision67 supersedes prior transport frontier: AC33 supplies AC16; formal binding remains
AC18,detailed,CH04,master202A.tex,lem:alexandrov-zero-dimensional-singleton,3439,not-accepted,catalog-prerequisites-only; semantic-review-pending,AC33;AC46;AC48,Bind standard interval Hausdorff dimension and Lipschitz monotonicity; no Lean verification,Bind standard interval Hausdorff dimension and Lipschitz monotonicity; no Lean verification
AC19,detailed,CH04,master202A.tex,lem:alexandrov-hyperbolic-finite-difference,3490,not-accepted,catalog-prerequisites-only; semantic-review-pending,AC21;AC24;AC26;LC13,"Bind model cosine law, Taylor remainder and degenerate-triangle convention; no Lean proof","Bind model cosine law, Taylor remainder and degenerate-triangle convention; no Lean proof"
AC30,detailed,CH04,master202A.tex,lem:alexandrov-finite-radial-comparison,4081,not-accepted,catalog-prerequisites-only; semantic-review-pending,AC31,Pure model and finite comparison proof; AC01/AC02/AC03 not dependencies,Pure model and finite comparison proof; AC01/AC02/AC03 not dependencies
AC35,detailed,CH04,master202A.tex,lem:alexandrov-angle-zero-limit,4353,not-accepted,catalog-prerequisites-only; semantic-review-pending,AC37;AC65;ALG07;ALG08;LFR59,No uniform arccos derivative or positive lower bound on angle; elementary analytic/model-law formal binding deferred; pinned TeX distinct from archived/published PDF,No uniform arccos derivative or positive lower bound on angle; elementary analytic/model-law formal binding deferred; pinned TeX distinct from archived/published PDF
AC39,detailed,CH04,master202A.tex,lem:alexandrov-polynomial-hausdorff,4619,not-accepted,catalog-prerequisites-only; semantic-review-pending,AC40;AC45;ALG07;LC10,Positive exponents avoid0^0; unnormalized Hausdorff content; no uniform constants across countably many subsets; not exact dimension; future Hausdorff API binding,Positive exponents avoid0^0; unnormalized Hausdorff content; no uniform constants across countably many subsets; not exact dimension; future Hausdorff API binding
AC42,detailed,CH04,master202A.tex,def:alexandrov-exact-splitting,4766,not-accepted,catalog-prerequisites-only; semantic-review-pending,AC43;AC44;AC45;AC49;AC52;AC60;AC72;ALS05;LC16,No approximate splitting or compatibility theorem; no default sup product metric; no distance embedding substituted for surjectivity; formal binding deferred,No approximate splitting or compatibility theorem; no default sup product metric; no distance embedding substituted for surjectivity; formal binding deferred
AC57,detailed,CH04,master202A.tex,lem:alexandrov-opposite-endpoint-excess,5502,not-accepted,catalog-prerequisites-only; semantic-review-pending,AC61;AC65,"No source curvature, geodesic or long Toponogov assumption; model-distance calculation only; not cross-pair orthogonality; analytic/model-law formal binding deferred","No source curvature, geodesic or long Toponogov assumption; model-distance calculation only; not cross-pair orthogonality; analytic/model-law formal binding deferred"
AC58,detailed,CH04,master202A.tex,lem:alexandrov-short-prefix-calibration,5543,not-accepted,catalog-prerequisites-only; semantic-review-pending,AC59;AC61;AC62,"No completeness, properness or exact minimizing source segments required; full path need not stay inside open L-ball; no curvature comparison on endpoint triangles; inherited length/arc-length binding deferred","No completeness, properness or exact minimizing source segments required; full path need not stay inside open L-ball; no curvature comparison on endpoint triangles; inherited length/arc-length binding deferred"
AC63,detailed,CH04,master202A.tex,lem:alexandrov-model-angle-shortening,5813,not-accepted,catalog-prerequisites-only; semantic-review-pending,AC65;ALG08,No source curvature or long-triangle Toponogov used; first shortening is asymptotic not exact angle monotonicity; negative lower bound is allowed; degenerates covered,No source curvature or long-triangle Toponogov used; first shortening is asymptotic not exact angle monotonicity; negative lower bound is allowed; degenerates covered
AC82,detailed,CH04,master202A.tex,def:alexandrov-radial-cone,6815,not-accepted,catalog-prerequisites-only; semantic-review-pending,AC83;AC84;AC85;LC21;LFR57,No bilinear or vector-space assertion; no curvature/completeness/properness/length assumed; radial maps stronger than mere rescaling invariance; angular quotient metric construction not formalized,No bilinear or vector-space assertion; no curvature/completeness/properness/length assumed; radial maps stronger than mere rescaling invariance; angular quotient metric construction not formalized
LC01,detailed,CH13,master202A.tex,lem:collapse-volume-scale,20450,not-accepted,catalog-prerequisites-only; semantic-review-pending,LC02;LC09;LPA01;PBR03,Riemannian continuity and volume asymptotics inherited; infinite scales remain possible off compact manifolds.,Riemannian continuity and volume asymptotics inherited; infinite scales remain possible off compact manifolds.
LC03,detailed,CH13,master202A.tex,lem:collapse-small-volume-upper,20593,not-accepted,catalog-prerequisites-only; semantic-review-pending,BSA06;LC07,Inherited volume/comparison/metric bindings remain release-gated; no Lean verification or PC absence claim.,Inherited volume/comparison/metric bindings remain release-gated; no Lean verification or PC absence claim.
LC04,detailed,CH13,master202A.tex,lem:collapse-fixed-parameter-volume,20619,not-accepted,catalog-prerequisites-only; semantic-review-pending,BSA06;LC24;LC81;LPA01,Fixed wprime only; lower bound tends to zero if wprime_i->0; no uniform diagonal noncollapse or derivative bounds.,Fixed wprime only; lower bound tends to zero if wprime_i->0; no uniform diagonal noncollapse or derivative bounds.
LC14,detailed,CH13,master202A.tex,lem:collapse-cube-volume-bound,21007,not-accepted,catalog-prerequisites-only; semantic-review-pending,LC15,"No differentiability, injectivity, area formula, image measurability or full volume convergence required; inherited volume identification stays release-gated.","No differentiability, injectivity, area formula, image measurability or full volume convergence required; inherited volume identification stays release-gated."
LC26,detailed,CH13,master202A.tex,lem:collapse-model-opposite-angle,21537,not-accepted,catalog-prerequisites-only; semantic-review-pending,LC27,includes degenerate ell=r; kappa is square root of curvature magnitude; no geometric comparison asserted,includes degenerate ell=r; kappa is square root of curvature magnitude; no geometric comparison asserted
LC28,detailed,CH13,master202A.tex,input:collapse-distance-smoothing,21653,not-accepted,catalog-prerequisites-only; semantic-review-pending,LC30;LC67;LC71;LC79;LC84,mollification details omitted in KL3.14; generalized-gradient and global difference bounds remain supplied input; no value-only substitution; difference signed; no Lean proof or absent-from-PC classification,mollification details omitted in KL3.14; generalized-gradient and global difference bounds remain supplied input; no value-only substitution; difference signed; no Lean proof or absent-from-PC classification
LC29,detailed,CH13,master202A.tex,lem:collapse-distance-perturbation-gradient,21693,not-accepted,catalog-prerequisites-only; semantic-review-pending,LC30;LC44;LC67;ZSP02,Rademacher/calculus/measure bindings inherited; no assumption distance smooth on W; no first variation through a cut point,Rademacher/calculus/measure bindings inherited; no assumption distance smooth on W; no first variation through a cut point
LC39,detailed,CH13,master202A.tex,lem:collapse-buffered-embedding,22200,not-accepted,catalog-prerequisites-only; semantic-review-pending,LC41;LC48;LC50,first-exit length bound; whole closed-ball neighborhood essential; NO automatic global distance preservation by local isometry; revision87 PC audit: PC actual partial diffeomorphisms and canonical quadratic bounds inspected; GC finite-regularity producer not bound,first-exit length bound; whole closed-ball neighborhood essential; NO automatic global distance preservation by local isometry; revision87 PC audit: PC actual partial diffeomorphisms and canonical quadratic bounds inspected; GC finite-regularity producer not bound
LC45,detailed,CH13,master202A.tex,lem:collapse-normal-flow-cores,22679,not-accepted,catalog-prerequisites-only; semantic-review-pending,LC55,Inherited PC diffeomorphism is input; no half-ball/two-ball radius ratio or point-direction margin; two Lean ray identities do not formalize full LC45,Inherited PC diffeomorphism is input; no half-ball/two-ball radius ratio or point-direction margin; two Lean ray identities do not formalize full LC45
LC49,detailed,CH13,master202A.tex,lem:collapse-model-collar-margin,22972,not-accepted,catalog-prerequisites-only; semantic-review-pending,LC51,Inherited compact-unit-tangent and endpoint continuity; source result already supplies fixed-metric openness; NOT soul-direction substitution; no model core existence,Inherited compact-unit-tangent and endpoint continuity; source result already supplies fixed-metric openness; NOT soul-direction substitution; no model core existence
LC59,detailed,CH13,master202A.tex,lem:collapse-open-graph-straightening,23830,not-accepted,catalog-prerequisites-only; semantic-review-pending,LC60,"No derivative of h, NO smooth boundary extension or ambient smooth isotopy; LOCAL compact integration segments justify smoothness; no new Lean check or new foundation","No derivative of h, NO smooth boundary extension or ambient smooth isotopy; LOCAL compact integration segments justify smoothness; no new Lean check or new foundation"
LC62,detailed,CH13,master202A.tex,lem:collapse-maximal-candidate-balls,24034,not-accepted,catalog-prerequisites-only; semantic-review-pending,FC09;LC64;LC66;LC73;LC77;LC88;LPA05,No continuity or closed candidate set or attained supremum; EMPTY candidate set allowed; no uniform lower floor needed here; no Lean proof,No continuity or closed candidate set or attained supremum; EMPTY candidate set allowed; no uniform lower floor needed here; no Lean proof
LC72,detailed,CH13,master202A.tex,lem:collapse-calibrated-gradient-transfer,24752,not-accepted,catalog-prerequisites-only; semantic-review-pending,LC73;LCP04,NO existence of phi; no convexity of entire unit ball; no ambient Lipschitz difference inferred from derivative bound; no distance differentiability at cutpoints; not a KL4.28 black-box invocation,NO existence of phi; no convexity of entire unit ball; no ambient Lipschitz difference inferred from derivative bound; no distance differentiability at cutpoints; not a KL4.28 black-box invocation
LC74,detailed,CH13,master202A.tex,lem:collapse-ends-produce-line,24924,not-accepted,catalog-prerequisites-only; semantic-review-pending,LC75,Inherited metric compactness; no classification or volume assumption,Inherited metric compactness; no classification or volume assumption
LC82,detailed,CH13,master202A.tex,lem:collapse-buffered-fiber-stability,25643,not-accepted,catalog-prerequisites-only; semantic-review-pending,FC34;LC84;LC85,C1 control on Q alone cannot exclude remote extra fibers; inherited submersion/flow; finite category separate,C1 control on Q alone cannot exclude remote extra fibers; inherited submersion/flow; finite category separate
LC89,detailed,CH13,master202A.tex,lem:collapse-common-derivative-function,31675,not-accepted,catalog-prerequisites-only; semantic-review-pending,TCF06,Whole-ball producer assumed; finite-radius branch required; does not identify intrinsic/ambient balls,Whole-ball producer assumed; finite-radius branch required; does not identify intrinsic/ambient balls
FC05,detailed,CH14,master202B.tex,lem:fibration-scaled-cutoff,252,not-accepted,catalog-prerequisites-only; semantic-review-pending,EGP06;FC07;FC24;SGP04;TCP05,NO upper bound on s or translated u; large zero radius cancels; multi-coordinate cutoff and variable scale producer separate,NO upper bound on s or translated u; large zero radius cancels; multi-coordinate cutoff and variable scale producer separate
FC06,detailed,CH14,master202B.tex,lem:fibration-rank-margin,312,not-accepted,catalog-prerequisites-only; semantic-review-pending,CFS27;FC07;FC27;FC31;SGP05;TCP06,Actual adapted-map lower rank supplied; kernel-complement inequality alone is vacuous for zero map; inherited linear algebra binding open,Actual adapted-map lower rank supplied; kernel-complement inequality alone is vacuous for zero map; inherited linear algebra binding open
FC10,detailed,CH14,master202B.tex,lem:fibration-joint-cutoff,587,not-accepted,catalog-prerequisites-only; semantic-review-pending,CFS23;FC14;FC24;FC30;TCP05,Independent calculus; no coordinate extension or geometric comparison produced; n local not total; cutoff Hessian not yet graph modulus,Independent calculus; no coordinate extension or geometric comparison produced; n local not total; cutoff Hessian not yet graph modulus
FC11,detailed,CH14,master202B.tex,lem:fibration-freeze-scale,666,not-accepted,catalog-prerequisites-only; semantic-review-pending,FC24;TCP05,Delta*Lambda retained; whole-domain localization required; actual Eprime comparison not supplied; no new Lean or PC foundation,Delta*Lambda retained; whole-domain localization required; actual Eprime comparison not supplied; no new Lean or PC foundation
FC15,detailed,CH14,master202B.tex,lem:fibration-directional-comparison,935,not-accepted,catalog-prerequisites-only; semantic-review-pending,BCG02;EGP04;FC16;FC19;FC22;SGP03;TCP03;TCP04,Directional data supplied NOT C1 conclusion; no continuity of test vectors needed; no rank inference; geometric common directions and scaled test domains still open; Eprime natural F=P/r,Directional data supplied NOT C1 conclusion; no continuity of test vectors needed; no rank inference; geometric common directions and scaled test domains still open; Eprime natural F=P/r
FC17,detailed,CH14,master202B.tex,lem:fibration-padded-edge,1140,not-accepted,catalog-prerequisites-only; semantic-review-pending,FC18,Original maps and scale ratios supplied; not a global Alexandrov compactness or no-three theorem; padded120Delta is project proof expansion of9.7,Original maps and scale ratios supplied; not a global Alexandrov compactness or no-three theorem; padded120Delta is project proof expansion of9.7
FC20,detailed,CH14,master202B.tex,lem:fibration-euclidean-alignment,1398,not-accepted,catalog-prerequisites-only; semantic-review-pending,BCG02;EGP03;FC21;SGP02;TCP02;TCP04,Inherited spectral/polar linear algebra binding; no geometric producer accepted,Inherited spectral/polar linear algebra binding; no geometric producer accepted
FC29,detailed,CH14,master202B.tex,lem:fibration-active-span,1725,not-accepted,catalog-prerequisites-only; semantic-review-pending,CFS04;CFS12;FC28,NOT rank(O) bounded;full uniform neighborhood and derivative estimates remain FC28 source-qualified,NOT rank(O) bounded;full uniform neighborhood and derivative estimates remain FC28 source-qualified
FC40,detailed,CH14,master202B.tex,lem:fibration-euler-faces,7458,not-accepted,catalog-prerequisites-only; semantic-review-pending,BCF03;FC42;FDC04,Actual embedded face decomposition required;no abstract incidence substitute,Actual embedded face decomposition required;no abstract incidence substitute
FC41,detailed,CH14,master202B.tex,found:fibration-topological-closure,7477,not-accepted,catalog-prerequisites-only; semantic-review-pending,BCF04;CAA02;FC42;FDC04;PBR02;PBR03;TCF05,Inherited release bindings and Chapter6 graph-definition adapter;Matveev2003 distinct;no essential-torus or new Schoenflies gap claim,Inherited release bindings and Chapter6 graph-definition adapter;Matveev2003 distinct;no essential-torus or new Schoenflies gap claim
FC46,detailed,CH14,master202B.tex,lem:fibration-parameter-selection,9980,not-accepted,catalog-prerequisites-only; semantic-review-pending,BBR01;CAA01;FC44;PBR01,Conditional elementary lemma;does not verify geometric register itself,Conditional elementary lemma;does not verify geometric register itself
AT06,detailed,CH15,master202B.tex,def:transport-marked-carrier,11702,not-accepted,catalog-prerequisites-only; semantic-review-pending,AT07;AT08;AT12;AT15;AT19,Inherited wrapper reuse; no flow or endpoint premise,Inherited wrapper reuse; no flow or endpoint premise
AT09,detailed,CH15,master202B.tex,lem:transport-based-maps,11779,not-accepted,catalog-prerequisites-only; semantic-review-pending,AT02;AT10;AT11;AT24;AT31;GA04;GA16;IMS01;LP07,Inherited fundamental-group functor; no abstract-group substitution,Inherited fundamental-group functor; no abstract-group substitution
AT25,detailed,CH15,master202B.tex,found:transport-exceptional-factors,12234,not-accepted,catalog-prerequisites-only; semantic-review-pending,AT28;AT30;AT31;LP11,CH07 and inherited PC binding remain qualified; finite group alone not metric or quotient witness,CH07 and inherited PC binding remain qualified; finite group alone not metric or quotient witness
AT29,detailed,CH15,master202B.tex,lem:transport-common-late-time,11867,not-accepted,catalog-prerequisites-only; semantic-review-pending,AT30;AT31;LP04,No uniform time for all w; no finite prefix from mere discrete subset; CH12 thresholds supplied,No uniform time for all w; no finite prefix from mere discrete subset; CH12 thresholds supplied
HG01,detailed,CH08,master202A.tex,lem:hyp-rescaling,11157,not-accepted,catalog-prerequisites-only; semantic-review-pending,HG03;LP02;MGL09;MPR61;MPR79;QRG03;QRG09.topology,Inherited tensor/measure bindings,Inherited tensor/measure bindings
HG02,detailed,CH08,master202A.tex,def:hyp-model-core-data,11178,not-accepted,catalog-prerequisites-only; semantic-review-pending,HG03;HG04;HG05;HG16,"Existence is HG03, not a definition projection","Existence is HG03, not a definition projection"
HG09,detailed,CH08,master202A.tex,lem:hyp-finite-volume-budget,18114,not-accepted,catalog-prerequisites-only; semantic-review-pending,HPI05,Universal lower volume input separate; no common time for infinite family assumed,Universal lower volume input separate; no common time for infinite family assumed
HG14,detailed,CH08,master202A.tex,lem:hyp-area-contradiction,18623,not-accepted,catalog-prerequisites-only; semantic-review-pending,IAU03;IMS10,Written real-analysis argument; inherited formal binding deferred,Written real-analysis argument; inherited formal binding deferred
GA01,detailed,CH16,master202B.tex,def:assembly-marked-input,13481,not-accepted,catalog-prerequisites-only; semantic-review-pending,GA03;GA04;GA11;GA12;GA13;GA14;GA19;GA20,Erasure of history does not prove existence of supplied fields,Erasure of history does not prove existence of supplied fields
GA02,detailed,CH16,master202B.tex,lem:assembly-finite-indexing,13503,not-accepted,catalog-prerequisites-only; semantic-review-pending,GA03;GA10;GA14;GA16,No equal-type identification; empty disjoint union is not S3,No equal-type identification; empty disjoint union is not S3
GA07,detailed,CH16,master202B.tex,found:assembly-exceptional-models,13633,not-accepted,catalog-prerequisites-only; semantic-review-pending,GA17;GA20,SOURCE-QUALIFIED; finite group alone insufficient; no finite-extinction dependency,SOURCE-QUALIFIED; finite group alone insufficient; no finite-extinction dependency
GA08,detailed,CH16,master202B.tex,def:assembly-geometry-family,13648,not-accepted,catalog-prerequisites-only; semantic-review-pending,GA14,No metric on glued M asserted; boundary gluings need not be isometries,No metric on glued M asserted; boundary gluings need not be isometries
CompletedPoincareRelease,external-unbound,,,,,not-accepted,catalog-prerequisites-only; semantic-review-pending,PCReleaseEvidence;PCReuseAudit;PCRicciFlowHandles,,Bind the exact inherited interface or implement CompletedPoincareRelease; review its full statement and hidden premises before acceptance.
PerelmanEstimates,external-unbound,,,,,not-accepted,catalog-prerequisites-only; semantic-review-pending,CanonicalNeighborhood;FiniteExtinctionNonAspherical;HyperbolicBoundaryIncompressible;RicciFlowSurgeryPackage,,Bind the exact inherited interface or implement PerelmanEstimates; review its full statement and hidden premises before acceptance.
PoincareFormalization,external-unbound,,,,,not-accepted,catalog-prerequisites-only; semantic-review-pending,PoincareAdapter,,Bind the exact inherited interface or implement PoincareFormalization; review its full statement and hidden premises before acceptance.
RiemannianCore,external-unbound,,,,,not-accepted,catalog-prerequisites-only; semantic-review-pending,CollapseHypotheses;EightThurstonGeometries;GeometricPieceCertificate;HarmonicMapStability;HasThurstonGeometry;HyperbolicGeometry;ModelGeometry;StandardCapSurgeryInfrastructure;ThurstonModel,,Bind the exact inherited interface or implement RiemannianCore; review its full statement and hidden premises before acceptance.
ShortTimeRicciFlow,external-unbound,,,,,not-accepted,catalog-prerequisites-only; semantic-review-pending,GlobalRicciFlowSurgery,,Bind the exact inherited interface or implement ShortTimeRicciFlow; review its full statement and hidden premises before acceptance.
SmoothRicciFlow,external-unbound,,,,,not-accepted,catalog-prerequisites-only; semantic-review-pending,RicciFlowSurgeryPackage,,Bind the exact inherited interface or implement SmoothRicciFlow; review its full statement and hidden premises before acceptance.
SmoothRiemannianMetric,external-unbound,,,,,not-accepted,catalog-prerequisites-only; semantic-review-pending,GlobalRicciFlowSurgery;TimeDependentMetric;ricci_flow_short_time_existence,,Bind the exact inherited interface or implement SmoothRiemannianMetric; review its full statement and hidden premises before acceptance.
SurgeryHistory,external-unbound,,,,,not-accepted,catalog-prerequisites-only; semantic-review-pending,FiniteExtinctionNonAspherical;GlobalRicciFlowSurgery,,Bind the exact inherited interface or implement SurgeryHistory; review its full statement and hidden premises before acceptance.
ThreeManifoldCutCap,external-unbound,,,,,not-accepted,catalog-prerequisites-only; semantic-review-pending,StandardCapSurgeryInfrastructure,,Bind the exact inherited interface or implement ThreeManifoldCutCap; review its full statement and hidden premises before acceptance.
ThreeManifoldTopology,external-unbound,,,,,not-accepted,catalog-prerequisites-only; semantic-review-pending,CollapseHypotheses;CollapseToGraphManifold;CutPiece;GraphManifoldRegionCertificate;HyperbolicBoundaryIncompressible;NonAsphericalGeometricPieces;PrimeDecomposition;RicciFlowSurgeryPackage;TerminalExceptionalOutcome;TerminalOutcomeProducer;TorusCutSystem;TorusSystemFormation;assemble_geometrization,,Bind the exact inherited interface or implement ThreeManifoldTopology; review its full statement and hidden premises before acceptance.
MPR06,development,CH08,master202A.tex,lem:mostow-core-return,13247,not-accepted,recorded-prerequisites-only,MPR13;MPR14;MPR18;MPR73;MPR75;MPR76;MPR77,"Revision118 audits the written qualitative HG04 producer transfers and inherited interfaces; accepted foundation bindings, independent mathematical review and Lean implementations remain pending. Next: HG06 actual marked core/end map and quantitative compactness; ambient-flow peripheral injection remains separate.","Revision118 audits the written qualitative HG04 producer transfers and inherited interfaces; accepted foundation bindings, independent mathematical review and Lean implementations remain pending. Next: HG06 actual marked core/end map and quantitative compactness; ambient-flow peripheral injection remains separate."
MPR10,development,CH08,master202A.tex,lem:mostow-marked-descent,16623,not-accepted,recorded-prerequisites-only,MPR00;MPR47;MPR79,"Revision118 audits the written qualitative HG04 producer transfers and inherited interfaces; accepted foundation bindings, independent mathematical review and Lean implementations remain pending. Next: HG06 actual marked core/end map and quantitative compactness; ambient-flow peripheral injection remains separate.","Revision118 audits the written qualitative HG04 producer transfers and inherited interfaces; accepted foundation bindings, independent mathematical review and Lean implementations remain pending. Next: HG06 actual marked core/end map and quantitative compactness; ambient-flow peripheral injection remains separate."
MPR12,development,CH08,master202A.tex,lem:mostow-moving-lines,13427,not-accepted,recorded-prerequisites-only,MPR13;MPR14;MPR15;MPR76;MPR77,"Revision118 audits the written qualitative HG04 producer transfers and inherited interfaces; accepted foundation bindings, independent mathematical review and Lean implementations remain pending. Next: HG06 actual marked core/end map and quantitative compactness; ambient-flow peripheral injection remains separate.","Revision118 audits the written qualitative HG04 producer transfers and inherited interfaces; accepted foundation bindings, independent mathematical review and Lean implementations remain pending. Next: HG06 actual marked core/end map and quantitative compactness; ambient-flow peripheral injection remains separate."
MPR16,development,CH08,master202A.tex,lem:mostow-two-directions-affine,13546,not-accepted,recorded-prerequisites-only,MPR18;MPR78,"Revision118 audits the written qualitative HG04 producer transfers and inherited interfaces; accepted foundation bindings, independent mathematical review and Lean implementations remain pending. Next: HG06 actual marked core/end map and quantitative compactness; ambient-flow peripheral injection remains separate.","Revision118 audits the written qualitative HG04 producer transfers and inherited interfaces; accepted foundation bindings, independent mathematical review and Lean implementations remain pending. Next: HG06 actual marked core/end map and quantitative compactness; ambient-flow peripheral injection remains separate."
MPR17,development,CH08,master202A.tex,lem:mostow-affine-isometry,13577,not-accepted,recorded-prerequisites-only,MPR18;MPR78,"Revision118 audits the written qualitative HG04 producer transfers and inherited interfaces; accepted foundation bindings, independent mathematical review and Lean implementations remain pending. Next: HG06 actual marked core/end map and quantitative compactness; ambient-flow peripheral injection remains separate.","Revision118 audits the written qualitative HG04 producer transfers and inherited interfaces; accepted foundation bindings, independent mathematical review and Lean implementations remain pending. Next: HG06 actual marked core/end map and quantitative compactness; ambient-flow peripheral injection remains separate."
MPR20,development,CH08,master202A.tex,lem:mostow-visual-distance,13725,not-accepted,recorded-prerequisites-only,MPR21;MPR38;MPR65;MPR70,"Revision118 audits the written qualitative HG04 producer transfers and inherited interfaces; accepted foundation bindings, independent mathematical review and Lean implementations remain pending. Next: HG06 actual marked core/end map and quantitative compactness; ambient-flow peripheral injection remains separate.","Revision118 audits the written qualitative HG04 producer transfers and inherited interfaces; accepted foundation bindings, independent mathematical review and Lean implementations remain pending. Next: HG06 actual marked core/end map and quantitative compactness; ambient-flow peripheral injection remains separate."
MPR25,development,CH08,master202A.tex,lem:mostow-disk-packing,13856,not-accepted,recorded-prerequisites-only,MPR29,"Revision118 audits the written qualitative HG04 producer transfers and inherited interfaces; accepted foundation bindings, independent mathematical review and Lean implementations remain pending. Next: HG06 actual marked core/end map and quantitative compactness; ambient-flow peripheral injection remains separate.","Revision118 audits the written qualitative HG04 producer transfers and inherited interfaces; accepted foundation bindings, independent mathematical review and Lean implementations remain pending. Next: HG06 actual marked core/end map and quantitative compactness; ambient-flow peripheral injection remains separate."
MPR26,development,CH08,master202A.tex,lem:mostow-fivefold-cover,13989,not-accepted,recorded-prerequisites-only,MPR27,"Revision118 audits the written qualitative HG04 producer transfers and inherited interfaces; accepted foundation bindings, independent mathematical review and Lean implementations remain pending. Next: HG06 actual marked core/end map and quantitative compactness; ambient-flow peripheral injection remains separate.","Revision118 audits the written qualitative HG04 producer transfers and inherited interfaces; accepted foundation bindings, independent mathematical review and Lean implementations remain pending. Next: HG06 actual marked core/end map and quantitative compactness; ambient-flow peripheral injection remains separate."
MPR28,development,CH08,master202A.tex,lem:mostow-comparable-partition,14044,not-accepted,recorded-prerequisites-only,MPR29,"Revision118 audits the written qualitative HG04 producer transfers and inherited interfaces; accepted foundation bindings, independent mathematical review and Lean implementations remain pending. Next: HG06 actual marked core/end map and quantitative compactness; ambient-flow peripheral injection remains separate.","Revision118 audits the written qualitative HG04 producer transfers and inherited interfaces; accepted foundation bindings, independent mathematical review and Lean implementations remain pending. Next: HG06 actual marked core/end map and quantitative compactness; ambient-flow peripheral injection remains separate."
MPR30,development,CH08,master202A.tex,lem:mostow-borel-derivatives,14122,not-accepted,recorded-prerequisites-only,MPR31;MPR32,"Revision118 audits the written qualitative HG04 producer transfers and inherited interfaces; accepted foundation bindings, independent mathematical review and Lean implementations remain pending. Next: HG06 actual marked core/end map and quantitative compactness; ambient-flow peripheral injection remains separate.","Revision118 audits the written qualitative HG04 producer transfers and inherited interfaces; accepted foundation bindings, independent mathematical review and Lean implementations remain pending. Next: HG06 actual marked core/end map and quantitative compactness; ambient-flow peripheral injection remains separate."
MPR34,development,CH08,master202A.tex,lem:mostow-exact-projection,14250,not-accepted,recorded-prerequisites-only,MPR35;MPR62,"Revision118 audits the written qualitative HG04 producer transfers and inherited interfaces; accepted foundation bindings, independent mathematical review and Lean implementations remain pending. Next: HG06 actual marked core/end map and quantitative compactness; ambient-flow peripheral injection remains separate.","Revision118 audits the written qualitative HG04 producer transfers and inherited interfaces; accepted foundation bindings, independent mathematical review and Lean implementations remain pending. Next: HG06 actual marked core/end map and quantitative compactness; ambient-flow peripheral injection remains separate."
MPR37,development,CH08,master202A.tex,lem:mostow-bounded-distance-endpoints,14322,not-accepted,recorded-prerequisites-only,MPR36;MPR38;MPR39;MPR62;MPR63;MPR64,"Revision118 audits the written qualitative HG04 producer transfers and inherited interfaces; accepted foundation bindings, independent mathematical review and Lean implementations remain pending. Next: HG06 actual marked core/end map and quantitative compactness; ambient-flow peripheral injection remains separate.","Revision118 audits the written qualitative HG04 producer transfers and inherited interfaces; accepted foundation bindings, independent mathematical review and Lean implementations remain pending. Next: HG06 actual marked core/end map and quantitative compactness; ambient-flow peripheral injection remains separate."
MPR41,development,CH08,master202A.tex,lem:mostow-no-boundary-fixed-point,14546,not-accepted,recorded-prerequisites-only,MPR43;MPR45;MPR47;MPR78,"Revision118 audits the written qualitative HG04 producer transfers and inherited interfaces; accepted foundation bindings, independent mathematical review and Lean implementations remain pending. Next: HG06 actual marked core/end map and quantitative compactness; ambient-flow peripheral injection remains separate.","Revision118 audits the written qualitative HG04 producer transfers and inherited interfaces; accepted foundation bindings, independent mathematical review and Lean implementations remain pending. Next: HG06 actual marked core/end map and quantitative compactness; ambient-flow peripheral injection remains separate."
MPR42,development,CH08,master202A.tex,lem:mostow-finite-cover-volume,14582,not-accepted,recorded-prerequisites-only,MPR43,"Revision118 audits the written qualitative HG04 producer transfers and inherited interfaces; accepted foundation bindings, independent mathematical review and Lean implementations remain pending. Next: HG06 actual marked core/end map and quantitative compactness; ambient-flow peripheral injection remains separate.","Revision118 audits the written qualitative HG04 producer transfers and inherited interfaces; accepted foundation bindings, independent mathematical review and Lean implementations remain pending. Next: HG06 actual marked core/end map and quantitative compactness; ambient-flow peripheral injection remains separate."
MPR44,development,CH08,master202A.tex,lem:mostow-no-invariant-plane,14616,not-accepted,recorded-prerequisites-only,MPR45,"Revision118 audits the written qualitative HG04 producer transfers and inherited interfaces; accepted foundation bindings, independent mathematical review and Lean implementations remain pending. Next: HG06 actual marked core/end map and quantitative compactness; ambient-flow peripheral injection remains separate.","Revision118 audits the written qualitative HG04 producer transfers and inherited interfaces; accepted foundation bindings, independent mathematical review and Lean implementations remain pending. Next: HG06 actual marked core/end map and quantitative compactness; ambient-flow peripheral injection remains separate."
MPR48,development,CH08,master202A.tex,lem:mostow-coarse-inverse-estimates,14826,not-accepted,recorded-prerequisites-only,MPR54;MPR61,"Revision118 audits the written qualitative HG04 producer transfers and inherited interfaces; accepted foundation bindings, independent mathematical review and Lean implementations remain pending. Next: HG06 actual marked core/end map and quantitative compactness; ambient-flow peripheral injection remains separate.","Revision118 audits the written qualitative HG04 producer transfers and inherited interfaces; accepted foundation bindings, independent mathematical review and Lean implementations remain pending. Next: HG06 actual marked core/end map and quantitative compactness; ambient-flow peripheral injection remains separate."
MPR49,development,CH08,master202A.tex,lem:mostow-smooth-inverse-markings,14850,not-accepted,recorded-prerequisites-only,MPR54,"Revision118 audits the written qualitative HG04 producer transfers and inherited interfaces; accepted foundation bindings, independent mathematical review and Lean implementations remain pending. Next: HG06 actual marked core/end map and quantitative compactness; ambient-flow peripheral injection remains separate.","Revision118 audits the written qualitative HG04 producer transfers and inherited interfaces; accepted foundation bindings, independent mathematical review and Lean implementations remain pending. Next: HG06 actual marked core/end map and quantitative compactness; ambient-flow peripheral injection remains separate."
MPR50,development,CH08,master202A.tex,lem:mostow-compact-displacement,14880,not-accepted,recorded-prerequisites-only,MPR54,"Revision118 audits the written qualitative HG04 producer transfers and inherited interfaces; accepted foundation bindings, independent mathematical review and Lean implementations remain pending. Next: HG06 actual marked core/end map and quantitative compactness; ambient-flow peripheral injection remains separate.","Revision118 audits the written qualitative HG04 producer transfers and inherited interfaces; accepted foundation bindings, independent mathematical review and Lean implementations remain pending. Next: HG06 actual marked core/end map and quantitative compactness; ambient-flow peripheral injection remains separate."
MPR51,development,CH08,master202A.tex,lem:mostow-equivariant-cusp-maps,14897,not-accepted,recorded-prerequisites-only,MPR52;MPR53;MPR54,"Revision118 audits the written qualitative HG04 producer transfers and inherited interfaces; accepted foundation bindings, independent mathematical review and Lean implementations remain pending. Next: HG06 actual marked core/end map and quantitative compactness; ambient-flow peripheral injection remains separate.","Revision118 audits the written qualitative HG04 producer transfers and inherited interfaces; accepted foundation bindings, independent mathematical review and Lean implementations remain pending. Next: HG06 actual marked core/end map and quantitative compactness; ambient-flow peripheral injection remains separate."
MPR58,development,CH08,master202A.tex,lem:mostow-affine-cusp-conjugacy,15190,not-accepted,recorded-prerequisites-only,MPR60,"Revision118 audits the written qualitative HG04 producer transfers and inherited interfaces; accepted foundation bindings, independent mathematical review and Lean implementations remain pending. Next: HG06 actual marked core/end map and quantitative compactness; ambient-flow peripheral injection remains separate.","Revision118 audits the written qualitative HG04 producer transfers and inherited interfaces; accepted foundation bindings, independent mathematical review and Lean implementations remain pending. Next: HG06 actual marked core/end map and quantitative compactness; ambient-flow peripheral injection remains separate."
MGL02,development,CH08,master202A.tex,margulis:thick-compact,11443,not-accepted,recorded-prerequisites-only,MGL00;MGL03;MGL05;QRG08,Bind injectivity continuity/Hopf-Rinow/ball volume and covering APIs,Bind injectivity continuity/Hopf-Rinow/ball volume and covering APIs
MGL14,development,CH08,master202A.tex,margulis:region-shapes,12000,not-accepted,recorded-prerequisites-only,MGL01;MGL15;MGL17;MGL18;MGL32,Supplied elementary group normal forms; bind distance formula/lattice finiteness/finite maximum,Supplied elementary group normal forms; bind distance formula/lattice finiteness/finite maximum
MGL19,development,CH08,master202A.tex,margulis:discrete-powers,12329,not-accepted,recorded-prerequisites-only,MGL20;MGL21;MGL22;MGL23;MGL25,Bind metrizable isometry group; compact stabilizers; individual trichotomy and normal forms,Bind metrizable isometry group; compact stabilizers; individual trichotomy and normal forms
MGL24,development,CH08,master202A.tex,margulis:finite-orbit-transfer,12513,not-accepted,recorded-prerequisites-only,MGL25,Bind finite coset representatives and finite unions; no normality or power assertion needed,Bind finite coset representatives and finite unions; no normality or power assertion needed
MGL26,development,CH08,master202A.tex,margulis:commutator-criterion,12594,not-accepted,recorded-prerequisites-only,MGL28,Bind group quotients/centers/lower central series; arbitrary generating sets allowed,Bind group quotients/centers/lower central series; arbitrary generating sets allowed
MGL27,development,CH08,master202A.tex,margulis:matrix-estimate,12635,not-accepted,recorded-prerequisites-only,MGL28,Bind Euclidean operator norm and elementary matrix algebra; radius 1/8 differs from source constant,Bind Euclidean operator norm and elementary matrix algebra; radius 1/8 differs from source constant
MGL30,development,CH08,master202A.tex,margulis:compact-lifts,11693,not-accepted,recorded-prerequisites-only,MPR73;MPR75,Bind second-countability/regular-covering/relatively compact neighborhood APIs; no orientation premise,Bind second-countability/regular-covering/relatively compact neighborhood APIs; no orientation premise
QRG01,development,CH08,master202A.tex,lem:hyp-short-inverse-paths,16923,not-accepted,recorded-prerequisites-only,HPI01;HPI02;HPI04;HPI06;HPI07;HPS01;QRG02;QRG05,,Bind the exact inherited interface or implement QRG01; review its full statement and hidden premises before acceptance.
CFS02,development,CH14,master202B.tex,lem:fibration-cloud-small-cover,1827,not-accepted,recorded-prerequisites-only,CFS03;CFS04,Full N_r(S) coverage is not produced by the smaller tube,Full N_r(S) coverage is not produced by the smaller tube
CFS09,development,CH14,master202B.tex,lem:fibration-buffered-graph-nearest-projection,2263,not-accepted,recorded-prerequisites-only,CFS10;CFS14,Graph containment and exclusion of other sheets are supplied essential hypotheses; generic calculus bindings and Lean proof pending,Graph containment and exclusion of other sheets are supplied essential hypotheses; generic calculus bindings and Lean proof pending
CFS18,development,CH14,master202B.tex,lem:fibration-closed-support-neighborhood,3010,not-accepted,recorded-prerequisites-only,CFS19;CFS20;CFS25;CFS31;CGP08;GAF02,Actual closed-support enclosure still required; does not globalize ambient map,Actual closed-support enclosure still required; does not globalize ambient map
LFR01,development,CH13,master202A.tex,lem:collapse-finite-derivative-ledger,25336,not-accepted,recorded-prerequisites-only,LFR11;LFR14;LFR47,Compatible-structure and finite ODE formal bindings; no metric smoothing,Compatible-structure and finite ODE formal bindings; no metric smoothing
LFR02,development,CH13,master202A.tex,thm:collapse-finite-distance-smoothing,25372,not-accepted,recorded-prerequisites-only,LCP04;LCP06;LFR06;LFR19;LFR24;LFR27;LFR33;LFR34;LFR35;LFR49,"Inherited Rademacher, Euclidean convolution, weak derivative/length and complete-C2 minimizing-geodesic/ODE bindings; no cut-point first-variation formula needed","Inherited Rademacher, Euclidean convolution, weak derivative/length and complete-C2 minimizing-geodesic/ODE bindings; no cut-point first-variation formula needed"
LFR03,development,CH13,master202A.tex,thm:collapse-finite-fiber-isotopy,25474,not-accepted,recorded-prerequisites-only,GAF07;LFR05;LFR20;LFR28,Actual interpolations and uniform isolation/rank margins; finite ODE and implicit-function bindings,Actual interpolations and uniform isolation/rank margins; finite ODE and implicit-function bindings
LFR04,development,CH13,master202A.tex,lem:collapse-smooth-fiber-type,25527,not-accepted,recorded-prerequisites-only,BCP01;LFR05;LFR20;LFR28,Inherited C1 relative approximation and compact embedding-openness bindings; no metric estimates on replacement,Inherited C1 relative approximation and compact embedding-openness bindings; no metric estimates on replacement
LFR08,development,CH13,master202A.tex,lem:collapse-local-injectivity-from-basepoint,25890,not-accepted,recorded-prerequisites-only,LFR10;LFR14,Bind inherited local Bishop-Gromov and frozen PC local CGT against accepted release; no new CGT foundation,Bind inherited local Bishop-Gromov and frozen PC local CGT against accepted release; no new CGT foundation
LFR09,development,CH13,master202A.tex,lem:collapse-uniform-short-geodesics,25953,not-accepted,recorded-prerequisites-only,LFR10,"Inherited finite ODE, contraction and compact-chart bindings","Inherited finite ODE, contraction and compact-chart bindings"
LFR12,development,CH13,master202A.tex,lem:collapse-finite-normal-coordinate-bounds,26235,not-accepted,recorded-prerequisites-only,LFR14,Inherited local Jacobi/parallel transport and finite tensor-calculus bindings,Inherited local Jacobi/parallel transport and finite tensor-calculus bindings
LFR13,development,CH13,master202A.tex,lem:collapse-finite-transition-bounds,26330,not-accepted,recorded-prerequisites-only,LFR14,"Inherited connection transformation, finite chain rules and Arzela-Ascoli bindings","Inherited connection transformation, finite chain rules and Arzela-Ascoli bindings"
LFR17,development,CH13,master202A.tex,lem:collapse-finite-surface-classification,26714,not-accepted,recorded-prerequisites-only,LFR20;LFR22;LFR50;LFR51,Accepted inherited-foundation and Lean binding; static/flow scale hypotheses and global assembly remain distinct,Accepted inherited-foundation and Lean binding; static/flow scale hypotheses and global assembly remain distinct
LFR21,development,CH13,master202A.tex,lem:collapse-finite-surface-soul-topology,27074,not-accepted,recorded-prerequisites-only,LFR22;LFR45,"Inherited comparison/calculus/topology and accepted PC/Lean bindings; source edge-set geometry, variable scale and entire source-fiber transfer remain","Inherited comparison/calculus/topology and accepted PC/Lean bindings; source edge-set geometry, variable scale and entire source-fiber transfer remain"
LFR25,development,CH13,master202A.tex,lem:collapse-edge-closed-set-directions,27521,not-accepted,recorded-prerequisites-only,EDP03;LCP05;LFR26;LFR27;LFR28;LFR33;LFR34;LFR35,Produce buffered coarse-border chart from actual strong/weak edge predicates with closure/scale/quantifier control; full rank-two adapted collar and strong-edge coverage remain; inherited and accepted PC/Lean bindings pending,Produce buffered coarse-border chart from actual strong/weak edge predicates with closure/scale/quantifier control; full rank-two adapted collar and strong-edge coverage remain; inherited and accepted PC/Lean bindings pending
LFR29,development,CH13,master202A.tex,lem:collapse-half-plane-four-point-obstruction,28061,not-accepted,recorded-prerequisites-only,CAA01;EGP01;LFR32;LFR38;LFR44;LPA04,Full rank-two adapted collar and strong-edge density/coverage; inherited operations and accepted PC/Lean bindings pending,Full rank-two adapted collar and strong-edge density/coverage; inherited operations and accepted PC/Lean bindings pending
LFR30,development,CH13,master202A.tex,lem:collapse-composite-edge-chart,28089,not-accepted,recorded-prerequisites-only,EGP01;LFR32;LFR38;LFR44,Full rank-two adapted collar and strong-edge density/coverage; inherited operations and accepted PC/Lean bindings pending,Full rank-two adapted collar and strong-edge density/coverage; inherited operations and accepted PC/Lean bindings pending
LFR31,development,CH13,master202A.tex,lem:collapse-edge-rescale-recenter,28137,not-accepted,recorded-prerequisites-only,LFR32;LFR38,Full rank-two adapted collar and strong-edge density/coverage; inherited operations and accepted PC/Lean bindings pending,Full rank-two adapted collar and strong-edge density/coverage; inherited operations and accepted PC/Lean bindings pending
LFR37,development,CH13,master202A.tex,lem:collapse-buffered-vector-adapted-stability,28720,not-accepted,recorded-prerequisites-only,LFR38,Strong-edge density/coverage; inherited operations and accepted PC/Lean bindings pending; zero-model/general Alexandrov/Tits separate,Strong-edge density/coverage; inherited operations and accepted PC/Lean bindings pending; zero-model/general Alexandrov/Tits separate
LFR40,development,CH13,master202A.tex,lem:collapse-common-coordinate-factor-map,28903,not-accepted,recorded-prerequisites-only,LFR44,Alexandrov local comparison and AC46 recognition; zero-model/general Alexandrov/Tits obligations separate; inherited PC/Lean bindings and global compatibility pending,Alexandrov local comparison and AC46 recognition; zero-model/general Alexandrov/Tits obligations separate; inherited PC/Lean bindings and global compatibility pending
LFR41,development,CH13,master202A.tex,lem:collapse-empty-annulus-slim-producer,28965,not-accepted,recorded-prerequisites-only,LFR44,Alexandrov local comparison and AC46 recognition; zero-model/general Alexandrov/Tits obligations separate; inherited PC/Lean bindings and global compatibility pending,Alexandrov local comparison and AC46 recognition; zero-model/general Alexandrov/Tits obligations separate; inherited PC/Lean bindings and global compatibility pending
LFR43,development,CH13,master202A.tex,lem:collapse-strong-border-lift,29045,not-accepted,recorded-prerequisites-only,LFR44,Alexandrov local comparison and AC46 recognition; zero-model/general Alexandrov/Tits obligations separate; inherited PC/Lean bindings and global compatibility pending,Alexandrov local comparison and AC46 recognition; zero-model/general Alexandrov/Tits obligations separate; inherited PC/Lean bindings and global compatibility pending
LFR48,development,CH13,master202A.tex,lem:collapse-smooth-buffered-zero-maps,29547,not-accepted,recorded-prerequisites-only,LFR49,Three-model classification and general Alexandrov/Tits/recognition inputs; accepted PC and Lean bindings; global compatibility separate,Three-model classification and general Alexandrov/Tits/recognition inputs; accepted PC and Lean bindings; global compatibility separate
LFR55,development,CH13,master202A.tex,lem:collapse-finite-ray-comparison,30149,not-accepted,recorded-prerequisites-only,LCP06;LFR56;LFR58;LFR59,General Alexandrov local comparison/recognition/splitting and simultaneous parameter/export binding; exact retained foundation/PC/Lean bindings,General Alexandrov local comparison/recognition/splitting and simultaneous parameter/export binding; exact retained foundation/PC/Lean bindings
ALS01,development,CH04,master202A.tex,lem:alexandrov-global-four-point-side,7241,not-accepted,recorded-prerequisites-only,ALS02;ALS03;ALS05,"Upstream local-to-global Alexandrov comparison, independent AC46 recognition and final local parameter/export binding; retained foundation/PC/Lean bindings","Upstream local-to-global Alexandrov comparison, independent AC46 recognition and final local parameter/export binding; retained foundation/PC/Lean bindings"
ALG01,development,CH04,master202A.tex,lem:alexandrov-local-germ-angles,7788,not-accepted,recorded-prerequisites-only,ALG02;ALG04;ALG05;ALG06;LCP01;LCP03,"Remaining fixed-window local consumers, simultaneous local parameter/export binding, retained foundation/PC/Lean bindings; original sharp margins separate","Remaining fixed-window local consumers, simultaneous local parameter/export binding, retained foundation/PC/Lean bindings; original sharp margins separate"
ALG03,development,CH04,master202A.tex,lem:alexandrov-buffered-almost-minimum,7927,not-accepted,recorded-prerequisites-only,ALG04;ALG05,"Remaining fixed-window local consumers, simultaneous local parameter/export binding, retained foundation/PC/Lean bindings; original sharp margins separate","Remaining fixed-window local consumers, simultaneous local parameter/export binding, retained foundation/PC/Lean bindings; original sharp margins separate"
BSA01,development,CH14,master202B.tex,lem:fibration-cusp-first-exit-buffers,7592,not-accepted,Read statement/proof and split data use from producer application; exact Lean binding open.,BBR01;BCP01;BCP03;BCP05;BSA02;BSA04;BSA06;TCF02;TCF03,"Actual cusp splitting/coordinates, collar separation, augmented clouds/cores/faces and boundary register/threshold; final full-goal mathematical audit; accepted-PC/Lean bindings","Actual cusp splitting/coordinates, collar separation, augmented clouds/cores/faces and boundary register/threshold; final full-goal mathematical audit; accepted-PC/Lean bindings"
QRG04,development,CH08,master202A.tex,lem:hyp-short-curve-obstructions,17023,not-accepted,recorded-prerequisites-only,QRG05;QRG06;QRG08,,Bind the exact inherited interface or implement QRG04; review its full statement and hidden premises before acceptance.
HPS03,development,CH08,master202A.tex,lem:hyp-compact-transition-isotopy,17900,not-accepted,recorded-prerequisites-only,HPS04,,Bind the exact inherited interface or implement HPS03; review its full statement and hidden premises before acceptance.
WBD01,development,CH13,master202A.tex,lem:collapse-macroscopic-whole-ball,31823,not-accepted,recorded-prerequisites-only,LTF04;WBD03,,Bind the exact inherited interface or implement WBD01; review its full statement and hidden premises before acceptance.
WBD02,development,CH13,master202A.tex,lem:collapse-microscopic-whole-ball,31889,not-accepted,recorded-prerequisites-only,WBD03,,Bind the exact inherited interface or implement WBD02; review its full statement and hidden premises before acceptance.
LTF01,development,CH08,master202A.tex,lem:hyp-volume-deficit-hyperbolic-limit,17466,not-accepted,recorded-prerequisites-only,LTF03;LTF05,,Bind the exact inherited interface or implement LTF01; review its full statement and hidden premises before acceptance.
RG01,development,CH06,master202A.tex,lem:graph-smooth-bundle-normalization,9825,not-accepted,recorded-prerequisites-only,RG02;RG03,,Bind the exact inherited interface or implement RG01; review its full statement and hidden premises before acceptance.
RG04,development,CH06,master202A.tex,lem:graph-actual-transverse-filling,9943,not-accepted,recorded-prerequisites-only,GAU02;GM02;RG05;RG06,,Bind the exact inherited interface or implement RG04; review its full statement and hidden premises before acceptance.
GC.InitialMetricChoice,explicit-interface-or-proof-fragment,,master202B.tex,thm:assembly-public-geometrization,13899,not-accepted,not-recorded,GA23,,Bind the inherited smooth metric and orientation choice/normalization on the exact closed orientable source carrier.
